--
-- PostgreSQL database dump
--

\restrict TijguJrcPq8diYDTcvNVl5pThW99EEVOPEiFvE9A08PXQJeMrsuPKj1ofIujLhj

-- Dumped from database version 18.3 (Debian 18.3-1.pgdg13+1)
-- Dumped by pg_dump version 18.3 (Debian 18.3-1.pgdg13+1)

SET statement_timeout = 0;
SET lock_timeout = 0;
SET idle_in_transaction_session_timeout = 0;
SET transaction_timeout = 0;
SET client_encoding = 'UTF8';
SET standard_conforming_strings = on;
SELECT pg_catalog.set_config('search_path', '', false);
SET check_function_bodies = false;
SET xmloption = content;
SET client_min_messages = warning;
SET row_security = off;

SET default_tablespace = '';

SET default_table_access_method = heap;

--
-- Name: order_items; Type: TABLE; Schema: public; Owner: saravanan
--

CREATE TABLE public.order_items (
    id bigint NOT NULL,
    order_id bigint NOT NULL,
    product_id bigint NOT NULL,
    quantity integer NOT NULL,
    price_at_purchase numeric(12,2) NOT NULL,
    created_at timestamp with time zone DEFAULT CURRENT_TIMESTAMP,
    CONSTRAINT order_items_quantity_check CHECK ((quantity > 0))
);


ALTER TABLE public.order_items OWNER TO saravanan;

--
-- Name: order_items_id_seq; Type: SEQUENCE; Schema: public; Owner: saravanan
--

CREATE SEQUENCE public.order_items_id_seq
    START WITH 1
    INCREMENT BY 1
    NO MINVALUE
    NO MAXVALUE
    CACHE 1;


ALTER SEQUENCE public.order_items_id_seq OWNER TO saravanan;

--
-- Name: order_items_id_seq; Type: SEQUENCE OWNED BY; Schema: public; Owner: saravanan
--

ALTER SEQUENCE public.order_items_id_seq OWNED BY public.order_items.id;


--
-- Name: orders; Type: TABLE; Schema: public; Owner: saravanan
--

CREATE TABLE public.orders (
    id bigint NOT NULL,
    user_id bigint NOT NULL,
    total_amount numeric(12,2) NOT NULL,
    currency character varying(3) DEFAULT 'INR'::character varying NOT NULL,
    status character varying(30) DEFAULT 'PENDING'::character varying NOT NULL,
    payment_status character varying(30) DEFAULT 'UNPAID'::character varying NOT NULL,
    created_at timestamp with time zone DEFAULT CURRENT_TIMESTAMP,
    updated_at timestamp with time zone DEFAULT CURRENT_TIMESTAMP,
    CONSTRAINT orders_total_amount_check CHECK ((total_amount >= (0)::numeric))
);


ALTER TABLE public.orders OWNER TO saravanan;

--
-- Name: orders_id_seq; Type: SEQUENCE; Schema: public; Owner: saravanan
--

CREATE SEQUENCE public.orders_id_seq
    START WITH 1
    INCREMENT BY 1
    NO MINVALUE
    NO MAXVALUE
    CACHE 1;


ALTER SEQUENCE public.orders_id_seq OWNER TO saravanan;

--
-- Name: orders_id_seq; Type: SEQUENCE OWNED BY; Schema: public; Owner: saravanan
--

ALTER SEQUENCE public.orders_id_seq OWNED BY public.orders.id;


--
-- Name: products; Type: TABLE; Schema: public; Owner: saravanan
--

CREATE TABLE public.products (
    id bigint NOT NULL,
    name character varying(255) NOT NULL,
    sku character varying(100) NOT NULL,
    description text,
    price numeric(12,2) NOT NULL,
    currency character varying(3) DEFAULT 'INR'::character varying NOT NULL,
    category_id bigint,
    is_active boolean DEFAULT true NOT NULL,
    created_at timestamp with time zone DEFAULT CURRENT_TIMESTAMP,
    updated_at timestamp with time zone DEFAULT CURRENT_TIMESTAMP,
    CONSTRAINT products_price_check CHECK ((price >= (0)::numeric))
);


ALTER TABLE public.products OWNER TO saravanan;

--
-- Name: products_id_seq; Type: SEQUENCE; Schema: public; Owner: saravanan
--

CREATE SEQUENCE public.products_id_seq
    START WITH 1
    INCREMENT BY 1
    NO MINVALUE
    NO MAXVALUE
    CACHE 1;


ALTER SEQUENCE public.products_id_seq OWNER TO saravanan;

--
-- Name: products_id_seq; Type: SEQUENCE OWNED BY; Schema: public; Owner: saravanan
--

ALTER SEQUENCE public.products_id_seq OWNED BY public.products.id;


--
-- Name: order_items id; Type: DEFAULT; Schema: public; Owner: saravanan
--

ALTER TABLE ONLY public.order_items ALTER COLUMN id SET DEFAULT nextval('public.order_items_id_seq'::regclass);


--
-- Name: orders id; Type: DEFAULT; Schema: public; Owner: saravanan
--

ALTER TABLE ONLY public.orders ALTER COLUMN id SET DEFAULT nextval('public.orders_id_seq'::regclass);


--
-- Name: products id; Type: DEFAULT; Schema: public; Owner: saravanan
--

ALTER TABLE ONLY public.products ALTER COLUMN id SET DEFAULT nextval('public.products_id_seq'::regclass);


--
-- Data for Name: order_items; Type: TABLE DATA; Schema: public; Owner: saravanan
--

COPY public.order_items (id, order_id, product_id, quantity, price_at_purchase, created_at) FROM stdin;
501	42	46	1	1061.87	2026-03-25 17:56:53.539653+00
502	48	5	5	1054.98	2026-03-25 17:56:53.539653+00
503	99	32	5	322.58	2026-03-25 17:56:53.539653+00
504	41	42	2	207.13	2026-03-25 17:56:53.539653+00
505	90	47	2	693.63	2026-03-25 17:56:53.539653+00
506	30	25	1	872.09	2026-03-25 17:56:53.539653+00
507	20	21	4	803.00	2026-03-25 17:56:53.539653+00
508	61	31	3	763.10	2026-03-25 17:56:53.539653+00
509	57	29	3	1005.77	2026-03-25 17:56:53.539653+00
510	48	2	4	298.77	2026-03-25 17:56:53.539653+00
511	47	12	1	985.46	2026-03-25 17:56:53.539653+00
512	73	36	5	605.71	2026-03-25 17:56:53.539653+00
513	62	16	1	233.44	2026-03-25 17:56:53.539653+00
514	15	50	3	811.72	2026-03-25 17:56:53.539653+00
515	62	11	1	750.25	2026-03-25 17:56:53.539653+00
516	40	19	3	687.40	2026-03-25 17:56:53.539653+00
517	69	17	4	205.99	2026-03-25 17:56:53.539653+00
518	13	31	3	365.03	2026-03-25 17:56:53.539653+00
519	26	4	5	1028.87	2026-03-25 17:56:53.539653+00
520	41	18	3	637.43	2026-03-25 17:56:53.539653+00
521	81	9	2	663.49	2026-03-25 17:56:53.539653+00
522	91	35	1	803.34	2026-03-25 17:56:53.539653+00
523	18	40	5	388.62	2026-03-25 17:56:53.539653+00
524	25	7	5	820.99	2026-03-25 17:56:53.539653+00
525	11	10	3	138.06	2026-03-25 17:56:53.539653+00
526	73	40	5	233.74	2026-03-25 17:56:53.539653+00
527	29	17	1	428.75	2026-03-25 17:56:53.539653+00
528	53	50	2	793.43	2026-03-25 17:56:53.539653+00
529	21	7	5	978.95	2026-03-25 17:56:53.539653+00
530	27	18	4	1082.75	2026-03-25 17:56:53.539653+00
531	48	39	1	100.26	2026-03-25 17:56:53.539653+00
532	10	16	5	845.18	2026-03-25 17:56:53.539653+00
533	4	28	3	199.37	2026-03-25 17:56:53.539653+00
534	39	5	1	500.13	2026-03-25 17:56:53.539653+00
535	59	50	4	859.89	2026-03-25 17:56:53.539653+00
536	100	25	1	1067.89	2026-03-25 17:56:53.539653+00
537	63	18	2	543.28	2026-03-25 17:56:53.539653+00
538	98	27	1	174.70	2026-03-25 17:56:53.539653+00
539	34	43	5	580.28	2026-03-25 17:56:53.539653+00
540	49	36	2	454.55	2026-03-25 17:56:53.539653+00
541	89	18	5	618.71	2026-03-25 17:56:53.539653+00
542	68	4	5	133.27	2026-03-25 17:56:53.539653+00
543	14	5	5	850.54	2026-03-25 17:56:53.539653+00
544	7	46	3	592.47	2026-03-25 17:56:53.539653+00
545	82	22	1	397.75	2026-03-25 17:56:53.539653+00
546	48	29	1	108.97	2026-03-25 17:56:53.539653+00
547	26	17	2	891.21	2026-03-25 17:56:53.539653+00
548	18	10	2	728.89	2026-03-25 17:56:53.539653+00
549	24	25	3	674.27	2026-03-25 17:56:53.539653+00
550	45	34	4	263.66	2026-03-25 17:56:53.539653+00
551	50	49	2	337.94	2026-03-25 17:56:53.539653+00
552	71	35	3	295.76	2026-03-25 17:56:53.539653+00
553	60	10	4	738.32	2026-03-25 17:56:53.539653+00
554	99	33	4	146.12	2026-03-25 17:56:53.539653+00
555	64	26	5	825.29	2026-03-25 17:56:53.539653+00
556	74	31	1	760.64	2026-03-25 17:56:53.539653+00
557	19	3	3	854.24	2026-03-25 17:56:53.539653+00
558	41	37	5	494.29	2026-03-25 17:56:53.539653+00
559	25	36	3	888.66	2026-03-25 17:56:53.539653+00
560	100	9	4	232.50	2026-03-25 17:56:53.539653+00
561	97	13	1	517.14	2026-03-25 17:56:53.539653+00
562	97	2	2	618.99	2026-03-25 17:56:53.539653+00
563	52	26	5	481.92	2026-03-25 17:56:53.539653+00
564	61	24	3	874.56	2026-03-25 17:56:53.539653+00
565	43	32	3	724.22	2026-03-25 17:56:53.539653+00
566	22	19	1	1080.94	2026-03-25 17:56:53.539653+00
567	3	13	3	498.11	2026-03-25 17:56:53.539653+00
568	20	25	4	871.63	2026-03-25 17:56:53.539653+00
569	81	9	4	161.61	2026-03-25 17:56:53.539653+00
570	61	35	5	931.04	2026-03-25 17:56:53.539653+00
571	89	27	1	131.43	2026-03-25 17:56:53.539653+00
572	37	21	4	574.43	2026-03-25 17:56:53.539653+00
573	12	35	1	755.03	2026-03-25 17:56:53.539653+00
574	71	31	4	460.25	2026-03-25 17:56:53.539653+00
575	73	32	5	160.98	2026-03-25 17:56:53.539653+00
576	89	15	4	608.52	2026-03-25 17:56:53.539653+00
577	69	23	5	371.77	2026-03-25 17:56:53.539653+00
578	58	46	4	969.61	2026-03-25 17:56:53.539653+00
579	77	45	2	588.30	2026-03-25 17:56:53.539653+00
580	10	35	3	1052.10	2026-03-25 17:56:53.539653+00
581	25	28	5	988.72	2026-03-25 17:56:53.539653+00
582	16	3	1	930.98	2026-03-25 17:56:53.539653+00
583	75	47	1	767.56	2026-03-25 17:56:53.539653+00
584	67	33	3	356.22	2026-03-25 17:56:53.539653+00
585	43	27	2	362.77	2026-03-25 17:56:53.539653+00
586	94	22	3	582.68	2026-03-25 17:56:53.539653+00
587	12	3	3	392.60	2026-03-25 17:56:53.539653+00
588	80	20	5	149.58	2026-03-25 17:56:53.539653+00
589	11	11	4	669.38	2026-03-25 17:56:53.539653+00
590	81	12	5	828.47	2026-03-25 17:56:53.539653+00
591	8	4	5	836.76	2026-03-25 17:56:53.539653+00
592	2	46	2	271.13	2026-03-25 17:56:53.539653+00
593	92	14	5	744.88	2026-03-25 17:56:53.539653+00
594	69	42	4	905.62	2026-03-25 17:56:53.539653+00
595	41	9	4	210.74	2026-03-25 17:56:53.539653+00
596	69	15	5	238.81	2026-03-25 17:56:53.539653+00
597	66	35	4	319.56	2026-03-25 17:56:53.539653+00
598	93	36	2	1072.17	2026-03-25 17:56:53.539653+00
599	91	17	4	148.67	2026-03-25 17:56:53.539653+00
600	69	33	4	708.65	2026-03-25 17:56:53.539653+00
601	86	25	4	339.65	2026-03-25 17:56:53.539653+00
602	1	19	2	897.99	2026-03-25 17:56:53.539653+00
603	64	20	5	653.24	2026-03-25 17:56:53.539653+00
604	28	20	1	975.55	2026-03-25 17:56:53.539653+00
605	49	48	1	520.66	2026-03-25 17:56:53.539653+00
606	42	19	3	210.02	2026-03-25 17:56:53.539653+00
607	5	25	5	372.69	2026-03-25 17:56:53.539653+00
608	25	10	3	1017.29	2026-03-25 17:56:53.539653+00
609	85	26	1	598.02	2026-03-25 17:56:53.539653+00
610	7	15	2	1012.14	2026-03-25 17:56:53.539653+00
611	4	19	3	996.08	2026-03-25 17:56:53.539653+00
612	100	48	5	825.37	2026-03-25 17:56:53.539653+00
613	17	4	4	184.02	2026-03-25 17:56:53.539653+00
614	60	30	3	416.43	2026-03-25 17:56:53.539653+00
615	2	39	2	800.18	2026-03-25 17:56:53.539653+00
616	81	22	1	983.53	2026-03-25 17:56:53.539653+00
617	89	15	1	722.91	2026-03-25 17:56:53.539653+00
618	67	46	4	454.64	2026-03-25 17:56:53.539653+00
619	60	1	5	116.35	2026-03-25 17:56:53.539653+00
620	80	38	1	902.46	2026-03-25 17:56:53.539653+00
621	96	34	3	1010.95	2026-03-25 17:56:53.539653+00
622	23	42	5	1051.82	2026-03-25 17:56:53.539653+00
623	26	36	4	694.88	2026-03-25 17:56:53.539653+00
624	53	7	3	824.95	2026-03-25 17:56:53.539653+00
625	85	31	3	939.52	2026-03-25 17:56:53.539653+00
626	32	44	4	761.19	2026-03-25 17:56:53.539653+00
627	67	2	2	456.12	2026-03-25 17:56:53.539653+00
628	85	3	3	446.43	2026-03-25 17:56:53.539653+00
629	86	29	4	367.71	2026-03-25 17:56:53.539653+00
630	93	38	1	845.57	2026-03-25 17:56:53.539653+00
631	68	15	3	781.44	2026-03-25 17:56:53.539653+00
632	84	50	3	524.65	2026-03-25 17:56:53.539653+00
633	77	8	3	466.82	2026-03-25 17:56:53.539653+00
634	64	20	4	356.72	2026-03-25 17:56:53.539653+00
635	91	43	4	535.65	2026-03-25 17:56:53.539653+00
636	83	36	4	141.72	2026-03-25 17:56:53.539653+00
637	36	47	5	946.24	2026-03-25 17:56:53.539653+00
638	20	3	5	1029.70	2026-03-25 17:56:53.539653+00
639	22	22	4	725.58	2026-03-25 17:56:53.539653+00
640	72	49	5	1015.69	2026-03-25 17:56:53.539653+00
641	95	47	3	788.78	2026-03-25 17:56:53.539653+00
642	9	17	5	887.37	2026-03-25 17:56:53.539653+00
643	46	1	5	660.00	2026-03-25 17:56:53.539653+00
644	79	8	1	924.48	2026-03-25 17:56:53.539653+00
645	26	8	5	967.31	2026-03-25 17:56:53.539653+00
646	26	13	4	948.38	2026-03-25 17:56:53.539653+00
647	8	5	5	694.79	2026-03-25 17:56:53.539653+00
648	52	25	3	672.08	2026-03-25 17:56:53.539653+00
649	77	5	4	537.48	2026-03-25 17:56:53.539653+00
650	26	12	1	483.84	2026-03-25 17:56:53.539653+00
651	39	10	1	227.05	2026-03-25 17:56:53.539653+00
652	78	3	4	660.26	2026-03-25 17:56:53.539653+00
653	67	34	4	134.21	2026-03-25 17:56:53.539653+00
654	41	46	4	361.21	2026-03-25 17:56:53.539653+00
655	45	25	5	611.68	2026-03-25 17:56:53.539653+00
656	34	34	1	686.85	2026-03-25 17:56:53.539653+00
657	51	14	4	102.61	2026-03-25 17:56:53.539653+00
658	74	5	1	543.33	2026-03-25 17:56:53.539653+00
659	84	1	2	825.16	2026-03-25 17:56:53.539653+00
660	95	21	3	713.50	2026-03-25 17:56:53.539653+00
661	13	20	3	435.55	2026-03-25 17:56:53.539653+00
662	99	15	1	458.31	2026-03-25 17:56:53.539653+00
663	74	49	2	1028.05	2026-03-25 17:56:53.539653+00
664	40	29	5	711.89	2026-03-25 17:56:53.539653+00
665	12	36	4	592.89	2026-03-25 17:56:53.539653+00
666	7	43	2	112.50	2026-03-25 17:56:53.539653+00
667	50	43	3	329.92	2026-03-25 17:56:53.539653+00
668	57	22	5	892.98	2026-03-25 17:56:53.539653+00
669	8	48	3	307.99	2026-03-25 17:56:53.539653+00
670	31	48	1	845.99	2026-03-25 17:56:53.539653+00
671	12	47	2	443.35	2026-03-25 17:56:53.539653+00
672	39	8	1	670.91	2026-03-25 17:56:53.539653+00
673	37	1	2	626.43	2026-03-25 17:56:53.539653+00
674	90	44	1	225.24	2026-03-25 17:56:53.539653+00
675	2	27	4	1066.44	2026-03-25 17:56:53.539653+00
676	72	38	2	776.69	2026-03-25 17:56:53.539653+00
677	8	43	4	961.36	2026-03-25 17:56:53.539653+00
678	58	22	4	683.08	2026-03-25 17:56:53.539653+00
679	37	43	4	1099.05	2026-03-25 17:56:53.539653+00
680	81	10	3	395.70	2026-03-25 17:56:53.539653+00
681	16	40	2	713.63	2026-03-25 17:56:53.539653+00
682	74	29	3	494.17	2026-03-25 17:56:53.539653+00
683	88	20	4	636.05	2026-03-25 17:56:53.539653+00
684	45	41	5	426.34	2026-03-25 17:56:53.539653+00
685	99	41	1	250.70	2026-03-25 17:56:53.539653+00
686	97	14	5	504.54	2026-03-25 17:56:53.539653+00
687	88	4	2	896.87	2026-03-25 17:56:53.539653+00
688	90	10	5	134.66	2026-03-25 17:56:53.539653+00
689	94	13	1	1053.07	2026-03-25 17:56:53.539653+00
690	85	34	1	903.17	2026-03-25 17:56:53.539653+00
691	48	17	3	811.19	2026-03-25 17:56:53.539653+00
692	73	8	2	351.75	2026-03-25 17:56:53.539653+00
693	2	7	2	102.92	2026-03-25 17:56:53.539653+00
694	77	47	2	870.71	2026-03-25 17:56:53.539653+00
695	31	2	3	267.25	2026-03-25 17:56:53.539653+00
696	26	42	2	839.08	2026-03-25 17:56:53.539653+00
697	57	50	2	133.10	2026-03-25 17:56:53.539653+00
698	88	4	1	476.93	2026-03-25 17:56:53.539653+00
699	8	48	2	540.88	2026-03-25 17:56:53.539653+00
700	12	46	5	286.63	2026-03-25 17:56:53.539653+00
701	84	31	3	597.01	2026-03-25 17:56:53.539653+00
702	29	14	5	511.60	2026-03-25 17:56:53.539653+00
703	2	31	2	1088.21	2026-03-25 17:56:53.539653+00
704	87	43	4	685.92	2026-03-25 17:56:53.539653+00
705	67	45	3	528.62	2026-03-25 17:56:53.539653+00
706	1	19	5	807.63	2026-03-25 17:56:53.539653+00
707	44	27	5	758.53	2026-03-25 17:56:53.539653+00
708	13	17	5	425.11	2026-03-25 17:56:53.539653+00
709	51	40	4	388.08	2026-03-25 17:56:53.539653+00
710	46	22	5	766.29	2026-03-25 17:56:53.539653+00
711	81	39	5	159.33	2026-03-25 17:56:53.539653+00
712	48	31	3	291.25	2026-03-25 17:56:53.539653+00
713	28	24	5	936.87	2026-03-25 17:56:53.539653+00
714	40	46	3	1026.11	2026-03-25 17:56:53.539653+00
715	68	48	3	678.57	2026-03-25 17:56:53.539653+00
716	69	49	3	385.77	2026-03-25 17:56:53.539653+00
717	73	10	5	824.12	2026-03-25 17:56:53.539653+00
718	74	29	2	769.85	2026-03-25 17:56:53.539653+00
719	64	14	5	1085.23	2026-03-25 17:56:53.539653+00
720	6	15	3	365.85	2026-03-25 17:56:53.539653+00
721	99	11	1	856.21	2026-03-25 17:56:53.539653+00
722	25	48	4	954.17	2026-03-25 17:56:53.539653+00
723	41	45	5	808.74	2026-03-25 17:56:53.539653+00
724	40	36	1	1035.64	2026-03-25 17:56:53.539653+00
725	27	37	3	558.58	2026-03-25 17:56:53.539653+00
726	32	1	5	162.14	2026-03-25 17:56:53.539653+00
727	35	11	3	355.67	2026-03-25 17:56:53.539653+00
728	71	41	2	288.79	2026-03-25 17:56:53.539653+00
729	17	16	1	991.90	2026-03-25 17:56:53.539653+00
730	68	39	5	967.27	2026-03-25 17:56:53.539653+00
731	75	12	3	789.97	2026-03-25 17:56:53.539653+00
732	100	19	1	389.14	2026-03-25 17:56:53.539653+00
733	54	14	3	396.61	2026-03-25 17:56:53.539653+00
734	43	40	1	938.27	2026-03-25 17:56:53.539653+00
735	83	50	1	116.57	2026-03-25 17:56:53.539653+00
736	96	9	3	389.55	2026-03-25 17:56:53.539653+00
737	8	21	2	1083.58	2026-03-25 17:56:53.539653+00
738	44	35	3	578.06	2026-03-25 17:56:53.539653+00
739	82	15	3	699.34	2026-03-25 17:56:53.539653+00
740	8	13	3	429.94	2026-03-25 17:56:53.539653+00
741	45	44	4	637.67	2026-03-25 17:56:53.539653+00
742	21	24	1	269.51	2026-03-25 17:56:53.539653+00
743	15	17	5	475.58	2026-03-25 17:56:53.539653+00
744	27	9	1	720.68	2026-03-25 17:56:53.539653+00
745	93	34	4	379.41	2026-03-25 17:56:53.539653+00
746	31	46	3	533.22	2026-03-25 17:56:53.539653+00
747	11	24	4	171.21	2026-03-25 17:56:53.539653+00
748	11	37	4	430.81	2026-03-25 17:56:53.539653+00
749	59	20	4	1085.42	2026-03-25 17:56:53.539653+00
750	29	47	4	454.11	2026-03-25 17:56:53.539653+00
751	23	13	1	641.83	2026-03-25 17:56:53.539653+00
752	13	33	1	494.50	2026-03-25 17:56:53.539653+00
753	30	21	3	364.02	2026-03-25 17:56:53.539653+00
754	98	10	3	1090.07	2026-03-25 17:56:53.539653+00
755	88	36	2	106.82	2026-03-25 17:56:53.539653+00
756	49	39	2	170.58	2026-03-25 17:56:53.539653+00
757	24	34	1	798.60	2026-03-25 17:56:53.539653+00
758	98	25	2	427.01	2026-03-25 17:56:53.539653+00
759	16	4	4	144.09	2026-03-25 17:56:53.539653+00
760	25	12	3	447.23	2026-03-25 17:56:53.539653+00
761	51	13	5	351.00	2026-03-25 17:56:53.539653+00
762	36	32	3	967.11	2026-03-25 17:56:53.539653+00
763	100	17	4	121.09	2026-03-25 17:56:53.539653+00
764	92	23	1	713.95	2026-03-25 17:56:53.539653+00
765	20	34	5	977.78	2026-03-25 17:56:53.539653+00
766	85	26	2	1060.79	2026-03-25 17:56:53.539653+00
767	5	14	2	302.37	2026-03-25 17:56:53.539653+00
768	67	41	2	457.69	2026-03-25 17:56:53.539653+00
769	1	23	5	1082.00	2026-03-25 17:56:53.539653+00
770	76	44	4	606.31	2026-03-25 17:56:53.539653+00
771	81	21	3	283.26	2026-03-25 17:56:53.539653+00
772	84	50	3	1084.87	2026-03-25 17:56:53.539653+00
773	21	6	1	514.41	2026-03-25 17:56:53.539653+00
774	36	33	1	310.54	2026-03-25 17:56:53.539653+00
775	26	5	2	902.38	2026-03-25 17:56:53.539653+00
776	23	8	4	705.27	2026-03-25 17:56:53.539653+00
777	55	2	2	218.62	2026-03-25 17:56:53.539653+00
778	23	25	4	884.52	2026-03-25 17:56:53.539653+00
779	89	11	4	768.42	2026-03-25 17:56:53.539653+00
780	54	25	1	711.91	2026-03-25 17:56:53.539653+00
781	97	33	1	539.88	2026-03-25 17:56:53.539653+00
782	53	28	5	589.96	2026-03-25 17:56:53.539653+00
783	85	21	1	244.00	2026-03-25 17:56:53.539653+00
784	23	22	1	913.69	2026-03-25 17:56:53.539653+00
785	18	15	5	554.23	2026-03-25 17:56:53.539653+00
786	31	37	1	608.04	2026-03-25 17:56:53.539653+00
787	18	25	4	707.37	2026-03-25 17:56:53.539653+00
788	83	11	2	499.87	2026-03-25 17:56:53.539653+00
789	75	12	5	601.18	2026-03-25 17:56:53.539653+00
790	70	25	5	695.25	2026-03-25 17:56:53.539653+00
791	50	44	3	150.69	2026-03-25 17:56:53.539653+00
792	55	44	5	467.98	2026-03-25 17:56:53.539653+00
793	46	21	4	290.10	2026-03-25 17:56:53.539653+00
794	78	12	3	916.65	2026-03-25 17:56:53.539653+00
795	40	47	1	765.42	2026-03-25 17:56:53.539653+00
796	80	17	5	577.21	2026-03-25 17:56:53.539653+00
797	93	36	1	793.50	2026-03-25 17:56:53.539653+00
798	15	28	3	305.06	2026-03-25 17:56:53.539653+00
799	27	14	5	145.78	2026-03-25 17:56:53.539653+00
800	41	20	2	682.73	2026-03-25 17:56:53.539653+00
801	24	39	2	698.26	2026-03-25 17:56:53.539653+00
802	97	49	3	192.93	2026-03-25 17:56:53.539653+00
803	37	21	3	210.70	2026-03-25 17:56:53.539653+00
804	45	46	3	324.62	2026-03-25 17:56:53.539653+00
805	30	16	3	499.29	2026-03-25 17:56:53.539653+00
806	9	10	4	644.69	2026-03-25 17:56:53.539653+00
807	36	48	2	537.72	2026-03-25 17:56:53.539653+00
808	13	18	1	842.63	2026-03-25 17:56:53.539653+00
809	89	7	2	586.50	2026-03-25 17:56:53.539653+00
810	76	29	5	182.52	2026-03-25 17:56:53.539653+00
811	72	4	5	353.97	2026-03-25 17:56:53.539653+00
812	34	29	2	938.57	2026-03-25 17:56:53.539653+00
813	90	22	1	633.23	2026-03-25 17:56:53.539653+00
814	21	39	5	425.06	2026-03-25 17:56:53.539653+00
815	89	9	5	904.71	2026-03-25 17:56:53.539653+00
816	48	10	5	669.14	2026-03-25 17:56:53.539653+00
817	19	31	1	515.21	2026-03-25 17:56:53.539653+00
818	62	20	5	691.66	2026-03-25 17:56:53.539653+00
819	19	11	3	749.72	2026-03-25 17:56:53.539653+00
820	81	20	2	1031.92	2026-03-25 17:56:53.539653+00
821	30	1	2	935.41	2026-03-25 17:56:53.539653+00
822	6	24	4	252.62	2026-03-25 17:56:53.539653+00
823	95	27	5	940.66	2026-03-25 17:56:53.539653+00
824	64	44	2	843.57	2026-03-25 17:56:53.539653+00
825	77	49	4	455.66	2026-03-25 17:56:53.539653+00
826	79	30	4	974.42	2026-03-25 17:56:53.539653+00
827	85	20	4	899.17	2026-03-25 17:56:53.539653+00
828	81	38	2	967.41	2026-03-25 17:56:53.539653+00
829	19	22	2	666.61	2026-03-25 17:56:53.539653+00
830	40	41	4	562.31	2026-03-25 17:56:53.539653+00
831	8	4	3	605.57	2026-03-25 17:56:53.539653+00
832	47	20	2	384.49	2026-03-25 17:56:53.539653+00
833	13	33	1	553.62	2026-03-25 17:56:53.539653+00
834	25	48	1	1077.24	2026-03-25 17:56:53.539653+00
835	52	34	5	833.30	2026-03-25 17:56:53.539653+00
836	69	11	2	538.08	2026-03-25 17:56:53.539653+00
837	13	3	1	939.75	2026-03-25 17:56:53.539653+00
838	57	40	5	308.51	2026-03-25 17:56:53.539653+00
839	7	45	1	178.01	2026-03-25 17:56:53.539653+00
840	11	42	1	148.30	2026-03-25 17:56:53.539653+00
841	49	12	3	232.25	2026-03-25 17:56:53.539653+00
842	45	44	3	1081.43	2026-03-25 17:56:53.539653+00
843	28	23	3	1053.97	2026-03-25 17:56:53.539653+00
844	38	3	5	200.96	2026-03-25 17:56:53.539653+00
845	31	37	2	213.93	2026-03-25 17:56:53.539653+00
846	88	29	3	118.78	2026-03-25 17:56:53.539653+00
847	68	17	1	373.07	2026-03-25 17:56:53.539653+00
848	20	2	1	487.57	2026-03-25 17:56:53.539653+00
849	37	31	1	622.19	2026-03-25 17:56:53.539653+00
850	55	35	3	300.28	2026-03-25 17:56:53.539653+00
851	36	18	5	838.76	2026-03-25 17:56:53.539653+00
852	91	9	5	372.57	2026-03-25 17:56:53.539653+00
853	73	8	3	1077.48	2026-03-25 17:56:53.539653+00
854	96	13	5	638.99	2026-03-25 17:56:53.539653+00
855	90	10	5	329.74	2026-03-25 17:56:53.539653+00
856	75	1	1	1067.36	2026-03-25 17:56:53.539653+00
857	40	23	5	729.34	2026-03-25 17:56:53.539653+00
858	12	21	4	657.01	2026-03-25 17:56:53.539653+00
859	49	6	1	801.60	2026-03-25 17:56:53.539653+00
860	50	30	1	1045.78	2026-03-25 17:56:53.539653+00
861	17	48	3	936.37	2026-03-25 17:56:53.539653+00
862	72	28	4	1054.85	2026-03-25 17:56:53.539653+00
863	66	8	4	289.49	2026-03-25 17:56:53.539653+00
864	75	25	5	802.15	2026-03-25 17:56:53.539653+00
865	25	46	4	915.81	2026-03-25 17:56:53.539653+00
866	15	48	4	404.95	2026-03-25 17:56:53.539653+00
867	29	23	1	657.45	2026-03-25 17:56:53.539653+00
868	11	4	1	853.25	2026-03-25 17:56:53.539653+00
869	33	40	5	201.73	2026-03-25 17:56:53.539653+00
870	40	13	1	461.38	2026-03-25 17:56:53.539653+00
871	59	32	2	274.73	2026-03-25 17:56:53.539653+00
872	68	37	1	593.40	2026-03-25 17:56:53.539653+00
873	41	21	2	180.46	2026-03-25 17:56:53.539653+00
874	77	1	3	246.41	2026-03-25 17:56:53.539653+00
875	12	21	4	106.93	2026-03-25 17:56:53.539653+00
876	80	13	4	959.56	2026-03-25 17:56:53.539653+00
877	50	12	2	669.24	2026-03-25 17:56:53.539653+00
878	17	46	1	625.25	2026-03-25 17:56:53.539653+00
879	32	23	3	672.51	2026-03-25 17:56:53.539653+00
880	2	20	5	815.36	2026-03-25 17:56:53.539653+00
881	67	9	2	226.99	2026-03-25 17:56:53.539653+00
882	77	35	5	843.85	2026-03-25 17:56:53.539653+00
883	38	10	1	832.26	2026-03-25 17:56:53.539653+00
884	32	50	5	702.18	2026-03-25 17:56:53.539653+00
885	91	3	3	535.46	2026-03-25 17:56:53.539653+00
886	41	44	2	441.51	2026-03-25 17:56:53.539653+00
887	43	44	5	558.79	2026-03-25 17:56:53.539653+00
888	63	38	3	480.58	2026-03-25 17:56:53.539653+00
889	50	41	5	1042.00	2026-03-25 17:56:53.539653+00
890	10	26	4	1011.62	2026-03-25 17:56:53.539653+00
891	5	30	4	610.88	2026-03-25 17:56:53.539653+00
892	86	22	1	754.55	2026-03-25 17:56:53.539653+00
893	74	31	5	310.83	2026-03-25 17:56:53.539653+00
894	73	43	1	109.24	2026-03-25 17:56:53.539653+00
895	75	14	1	542.87	2026-03-25 17:56:53.539653+00
896	51	24	2	693.35	2026-03-25 17:56:53.539653+00
897	94	25	4	1070.50	2026-03-25 17:56:53.539653+00
898	70	5	5	343.28	2026-03-25 17:56:53.539653+00
899	88	49	4	654.13	2026-03-25 17:56:53.539653+00
900	8	37	1	887.30	2026-03-25 17:56:53.539653+00
901	93	28	4	617.95	2026-03-25 17:56:53.539653+00
902	74	35	5	411.00	2026-03-25 17:56:53.539653+00
903	42	29	4	687.32	2026-03-25 17:56:53.539653+00
904	23	42	2	986.91	2026-03-25 17:56:53.539653+00
905	9	30	5	579.48	2026-03-25 17:56:53.539653+00
906	52	17	1	126.84	2026-03-25 17:56:53.539653+00
907	11	50	2	873.01	2026-03-25 17:56:53.539653+00
908	50	34	1	722.90	2026-03-25 17:56:53.539653+00
909	37	30	4	596.75	2026-03-25 17:56:53.539653+00
910	77	19	3	852.08	2026-03-25 17:56:53.539653+00
911	68	49	4	408.18	2026-03-25 17:56:53.539653+00
912	32	20	2	733.51	2026-03-25 17:56:53.539653+00
913	81	35	4	667.35	2026-03-25 17:56:53.539653+00
914	35	33	1	1068.17	2026-03-25 17:56:53.539653+00
915	65	39	3	297.87	2026-03-25 17:56:53.539653+00
916	56	48	2	227.72	2026-03-25 17:56:53.539653+00
917	75	36	5	961.62	2026-03-25 17:56:53.539653+00
918	72	23	5	729.28	2026-03-25 17:56:53.539653+00
919	78	19	5	116.29	2026-03-25 17:56:53.539653+00
920	65	48	3	163.13	2026-03-25 17:56:53.539653+00
921	96	31	5	336.03	2026-03-25 17:56:53.539653+00
922	11	2	3	811.49	2026-03-25 17:56:53.539653+00
923	10	22	1	515.73	2026-03-25 17:56:53.539653+00
924	58	22	4	237.40	2026-03-25 17:56:53.539653+00
925	44	5	5	522.03	2026-03-25 17:56:53.539653+00
926	17	19	3	656.04	2026-03-25 17:56:53.539653+00
927	88	47	3	746.57	2026-03-25 17:56:53.539653+00
928	83	46	3	355.48	2026-03-25 17:56:53.539653+00
929	25	16	4	1050.37	2026-03-25 17:56:53.539653+00
930	17	42	2	1085.69	2026-03-25 17:56:53.539653+00
931	91	48	4	408.41	2026-03-25 17:56:53.539653+00
932	87	8	1	791.37	2026-03-25 17:56:53.539653+00
933	81	3	4	508.39	2026-03-25 17:56:53.539653+00
934	3	43	5	368.17	2026-03-25 17:56:53.539653+00
935	26	43	4	368.03	2026-03-25 17:56:53.539653+00
936	77	46	4	580.90	2026-03-25 17:56:53.539653+00
937	68	23	2	1038.08	2026-03-25 17:56:53.539653+00
938	88	45	4	1080.33	2026-03-25 17:56:53.539653+00
939	55	6	2	624.51	2026-03-25 17:56:53.539653+00
940	2	4	5	991.08	2026-03-25 17:56:53.539653+00
941	12	49	2	353.17	2026-03-25 17:56:53.539653+00
942	93	10	2	794.03	2026-03-25 17:56:53.539653+00
943	87	11	3	996.80	2026-03-25 17:56:53.539653+00
944	59	12	5	424.53	2026-03-25 17:56:53.539653+00
945	51	40	1	930.68	2026-03-25 17:56:53.539653+00
946	62	30	2	634.59	2026-03-25 17:56:53.539653+00
947	72	7	2	765.84	2026-03-25 17:56:53.539653+00
948	100	22	4	909.71	2026-03-25 17:56:53.539653+00
949	62	12	5	923.58	2026-03-25 17:56:53.539653+00
950	88	37	4	1077.06	2026-03-25 17:56:53.539653+00
951	38	32	1	169.34	2026-03-25 17:56:53.539653+00
952	98	17	1	682.37	2026-03-25 17:56:53.539653+00
953	71	8	1	1087.82	2026-03-25 17:56:53.539653+00
954	20	8	2	1013.94	2026-03-25 17:56:53.539653+00
955	56	7	2	1026.61	2026-03-25 17:56:53.539653+00
956	100	41	2	950.63	2026-03-25 17:56:53.539653+00
957	18	2	5	913.68	2026-03-25 17:56:53.539653+00
958	32	17	3	263.91	2026-03-25 17:56:53.539653+00
959	38	39	5	817.15	2026-03-25 17:56:53.539653+00
960	24	49	5	355.61	2026-03-25 17:56:53.539653+00
961	7	18	4	690.00	2026-03-25 17:56:53.539653+00
962	87	37	1	788.39	2026-03-25 17:56:53.539653+00
963	35	3	5	580.40	2026-03-25 17:56:53.539653+00
964	97	21	2	639.36	2026-03-25 17:56:53.539653+00
965	81	49	4	440.66	2026-03-25 17:56:53.539653+00
966	80	37	4	543.35	2026-03-25 17:56:53.539653+00
967	45	6	2	1002.01	2026-03-25 17:56:53.539653+00
968	44	26	3	103.15	2026-03-25 17:56:53.539653+00
969	85	18	4	215.20	2026-03-25 17:56:53.539653+00
970	47	48	1	884.38	2026-03-25 17:56:53.539653+00
971	11	40	2	295.87	2026-03-25 17:56:53.539653+00
972	93	50	1	1089.63	2026-03-25 17:56:53.539653+00
973	30	5	4	394.08	2026-03-25 17:56:53.539653+00
974	41	1	1	172.52	2026-03-25 17:56:53.539653+00
975	82	15	1	135.57	2026-03-25 17:56:53.539653+00
976	11	19	4	961.01	2026-03-25 17:56:53.539653+00
977	1	40	1	129.36	2026-03-25 17:56:53.539653+00
978	91	2	1	879.87	2026-03-25 17:56:53.539653+00
979	6	40	3	1053.55	2026-03-25 17:56:53.539653+00
980	18	9	2	741.48	2026-03-25 17:56:53.539653+00
981	14	24	3	392.60	2026-03-25 17:56:53.539653+00
982	4	46	5	372.84	2026-03-25 17:56:53.539653+00
983	5	43	3	808.36	2026-03-25 17:56:53.539653+00
984	98	39	2	693.01	2026-03-25 17:56:53.539653+00
985	87	29	5	873.49	2026-03-25 17:56:53.539653+00
986	6	31	2	687.58	2026-03-25 17:56:53.539653+00
987	33	10	5	369.53	2026-03-25 17:56:53.539653+00
988	54	30	1	331.98	2026-03-25 17:56:53.539653+00
989	88	37	3	1070.31	2026-03-25 17:56:53.539653+00
990	36	39	1	192.22	2026-03-25 17:56:53.539653+00
991	98	45	1	265.48	2026-03-25 17:56:53.539653+00
992	19	22	5	667.76	2026-03-25 17:56:53.539653+00
993	52	1	4	106.06	2026-03-25 17:56:53.539653+00
994	95	32	1	641.67	2026-03-25 17:56:53.539653+00
995	86	9	1	805.01	2026-03-25 17:56:53.539653+00
996	25	17	5	761.23	2026-03-25 17:56:53.539653+00
997	94	37	4	309.33	2026-03-25 17:56:53.539653+00
998	60	19	5	839.76	2026-03-25 17:56:53.539653+00
999	69	24	1	282.08	2026-03-25 17:56:53.539653+00
1000	64	9	5	636.25	2026-03-25 17:56:53.539653+00
1001	101	11	2	11.00	2026-03-26 18:03:00.363688+00
1002	102	11	2	11.00	2026-03-26 18:20:07.143162+00
1003	105	11	2	11.00	2026-03-26 18:22:04.134444+00
1004	106	11	3	11.00	2026-03-26 18:22:28.566076+00
\.


--
-- Data for Name: orders; Type: TABLE DATA; Schema: public; Owner: saravanan
--

COPY public.orders (id, user_id, total_amount, currency, status, payment_status, created_at, updated_at) FROM stdin;
1	48	16603.25	INR	PENDING	FAILED	2026-03-20 09:39:56.306234+00	2026-03-25 17:56:27.33641+00
2	17	13748.35	INR	CANCELLED	PAID	2026-03-22 06:09:28.682381+00	2026-03-25 17:56:27.33641+00
3	49	18740.09	INR	SHIPPED	REFUNDED	2026-03-13 22:17:15.150253+00	2026-03-25 17:56:27.33641+00
4	47	11525.26	INR	PENDING	FAILED	2026-03-09 04:45:54.768699+00	2026-03-25 17:56:27.33641+00
5	14	3551.11	INR	PENDING	FAILED	2026-03-12 18:18:32.263912+00	2026-03-25 17:56:27.33641+00
6	32	18493.32	INR	PENDING	UNPAID	2026-03-16 10:32:03.110774+00	2026-03-25 17:56:27.33641+00
7	38	12088.31	INR	CONFIRMED	UNPAID	2026-02-27 21:22:26.313291+00	2026-03-25 17:56:27.33641+00
8	26	15094.28	INR	DELIVERED	REFUNDED	2026-02-26 15:41:00.148759+00	2026-03-25 17:56:27.33641+00
9	36	14501.76	INR	PENDING	REFUNDED	2026-03-03 05:14:01.530823+00	2026-03-25 17:56:27.33641+00
10	38	13537.37	INR	CANCELLED	PAID	2026-03-05 16:47:15.795517+00	2026-03-25 17:56:27.33641+00
11	25	13719.93	INR	PENDING	PAID	2026-03-10 09:50:50.385601+00	2026-03-25 17:56:27.33641+00
12	12	6474.00	INR	CONFIRMED	UNPAID	2026-03-24 13:50:57.320679+00	2026-03-25 17:56:27.33641+00
13	1	5177.95	INR	CONFIRMED	PAID	2026-03-01 12:03:45.317994+00	2026-03-25 17:56:27.33641+00
14	5	10907.69	INR	PENDING	REFUNDED	2026-02-24 15:28:56.654564+00	2026-03-25 17:56:27.33641+00
15	19	2686.07	INR	SHIPPED	FAILED	2026-03-08 21:07:16.920265+00	2026-03-25 17:56:27.33641+00
16	30	3580.84	INR	CONFIRMED	UNPAID	2026-02-25 16:26:59.974728+00	2026-03-25 17:56:27.33641+00
17	35	19959.28	INR	SHIPPED	PAID	2026-03-01 20:35:52.943076+00	2026-03-25 17:56:27.33641+00
18	12	14030.19	INR	DELIVERED	PAID	2026-03-01 10:12:12.524222+00	2026-03-25 17:56:27.33641+00
19	30	5753.61	INR	CANCELLED	REFUNDED	2026-03-19 09:45:02.575408+00	2026-03-25 17:56:27.33641+00
20	50	2630.90	INR	DELIVERED	FAILED	2026-03-10 15:30:54.690527+00	2026-03-25 17:56:27.33641+00
21	41	12037.92	INR	CANCELLED	REFUNDED	2026-03-21 07:52:37.325028+00	2026-03-25 17:56:27.33641+00
22	43	19346.23	INR	CONFIRMED	FAILED	2026-03-05 16:27:32.236534+00	2026-03-25 17:56:27.33641+00
23	1	10233.89	INR	CONFIRMED	FAILED	2026-03-23 09:47:37.436071+00	2026-03-25 17:56:27.33641+00
24	17	4809.95	INR	DELIVERED	PAID	2026-02-28 09:38:46.074816+00	2026-03-25 17:56:27.33641+00
25	18	2435.31	INR	CANCELLED	UNPAID	2026-03-06 05:02:38.389343+00	2026-03-25 17:56:27.33641+00
26	50	13280.77	INR	DELIVERED	UNPAID	2026-03-06 06:24:37.65715+00	2026-03-25 17:56:27.33641+00
27	39	11508.24	INR	CANCELLED	UNPAID	2026-03-18 12:15:13.470505+00	2026-03-25 17:56:27.33641+00
28	8	5265.04	INR	CONFIRMED	UNPAID	2026-02-28 07:17:33.16595+00	2026-03-25 17:56:27.33641+00
29	11	7134.24	INR	SHIPPED	FAILED	2026-03-01 14:06:51.697875+00	2026-03-25 17:56:27.33641+00
30	14	7845.52	INR	SHIPPED	REFUNDED	2026-03-22 21:06:58.327733+00	2026-03-25 17:56:27.33641+00
31	38	11676.84	INR	PENDING	FAILED	2026-03-07 08:08:45.843545+00	2026-03-25 17:56:27.33641+00
32	35	9586.86	INR	PENDING	PAID	2026-03-06 19:12:15.188565+00	2026-03-25 17:56:27.33641+00
33	37	11154.37	INR	CANCELLED	REFUNDED	2026-03-03 23:51:06.194947+00	2026-03-25 17:56:27.33641+00
34	15	3346.96	INR	CANCELLED	UNPAID	2026-03-11 17:07:18.237393+00	2026-03-25 17:56:27.33641+00
35	29	1850.40	INR	SHIPPED	REFUNDED	2026-03-21 09:17:28.803015+00	2026-03-25 17:56:27.33641+00
36	49	3771.52	INR	SHIPPED	UNPAID	2026-03-11 16:39:14.582541+00	2026-03-25 17:56:27.33641+00
37	14	2675.81	INR	SHIPPED	UNPAID	2026-03-10 08:49:56.32735+00	2026-03-25 17:56:27.33641+00
38	13	19713.93	INR	CONFIRMED	REFUNDED	2026-02-27 21:46:37.172581+00	2026-03-25 17:56:27.33641+00
39	25	11321.81	INR	SHIPPED	UNPAID	2026-03-11 15:17:32.686707+00	2026-03-25 17:56:27.33641+00
40	8	10385.06	INR	PENDING	FAILED	2026-03-05 22:03:01.631915+00	2026-03-25 17:56:27.33641+00
41	22	10214.37	INR	SHIPPED	FAILED	2026-03-04 10:30:54.839918+00	2026-03-25 17:56:27.33641+00
42	3	525.13	INR	CANCELLED	REFUNDED	2026-03-05 23:07:17.909513+00	2026-03-25 17:56:27.33641+00
43	32	10498.31	INR	PENDING	REFUNDED	2026-03-10 19:27:52.990562+00	2026-03-25 17:56:27.33641+00
44	2	5724.93	INR	PENDING	UNPAID	2026-03-17 12:39:41.03671+00	2026-03-25 17:56:27.33641+00
45	32	19865.14	INR	CANCELLED	PAID	2026-02-23 23:45:19.432756+00	2026-03-25 17:56:27.33641+00
46	50	881.93	INR	CANCELLED	PAID	2026-03-03 08:01:44.61236+00	2026-03-25 17:56:27.33641+00
47	46	9075.65	INR	DELIVERED	REFUNDED	2026-03-25 03:17:49.399125+00	2026-03-25 17:56:27.33641+00
48	28	10906.96	INR	CONFIRMED	FAILED	2026-02-28 05:57:44.209484+00	2026-03-25 17:56:27.33641+00
49	12	13442.37	INR	PENDING	PAID	2026-03-13 16:36:35.207275+00	2026-03-25 17:56:27.33641+00
50	42	13163.96	INR	CONFIRMED	REFUNDED	2026-03-10 22:16:03.203593+00	2026-03-25 17:56:27.33641+00
51	20	10437.93	INR	PENDING	REFUNDED	2026-03-11 12:08:27.561794+00	2026-03-25 17:56:27.33641+00
52	10	2314.29	INR	DELIVERED	REFUNDED	2026-03-08 19:21:40.321644+00	2026-03-25 17:56:27.33641+00
53	46	2359.58	INR	CANCELLED	FAILED	2026-03-08 00:59:20.35284+00	2026-03-25 17:56:27.33641+00
54	22	20003.94	INR	CONFIRMED	UNPAID	2026-03-02 08:30:41.097644+00	2026-03-25 17:56:27.33641+00
55	36	4035.47	INR	PENDING	PAID	2026-03-23 21:46:15.504733+00	2026-03-25 17:56:27.33641+00
56	7	15928.30	INR	CONFIRMED	PAID	2026-03-18 06:57:29.245726+00	2026-03-25 17:56:27.33641+00
57	48	5374.34	INR	PENDING	FAILED	2026-02-26 14:51:21.824092+00	2026-03-25 17:56:27.33641+00
58	3	11707.39	INR	SHIPPED	FAILED	2026-02-24 03:31:06.529344+00	2026-03-25 17:56:27.33641+00
59	45	11864.04	INR	CONFIRMED	UNPAID	2026-03-15 05:56:38.601351+00	2026-03-25 17:56:27.33641+00
60	28	9582.88	INR	SHIPPED	UNPAID	2026-03-01 02:57:11.701245+00	2026-03-25 17:56:27.33641+00
61	45	19857.96	INR	CANCELLED	PAID	2026-03-05 02:12:19.406178+00	2026-03-25 17:56:27.33641+00
62	49	19438.95	INR	CANCELLED	PAID	2026-03-11 14:36:21.933622+00	2026-03-25 17:56:27.33641+00
63	9	7357.90	INR	CANCELLED	UNPAID	2026-03-02 21:48:46.911283+00	2026-03-25 17:56:27.33641+00
64	35	580.53	INR	CONFIRMED	FAILED	2026-03-17 07:32:28.536615+00	2026-03-25 17:56:27.33641+00
65	44	3277.95	INR	DELIVERED	FAILED	2026-02-26 23:30:47.039785+00	2026-03-25 17:56:27.33641+00
66	44	15485.94	INR	DELIVERED	PAID	2026-03-04 15:01:15.161217+00	2026-03-25 17:56:27.33641+00
67	20	7207.75	INR	PENDING	PAID	2026-03-11 06:11:33.850124+00	2026-03-25 17:56:27.33641+00
68	46	16002.79	INR	CANCELLED	UNPAID	2026-02-28 17:01:07.351642+00	2026-03-25 17:56:27.33641+00
69	5	19540.56	INR	PENDING	PAID	2026-02-25 13:06:11.989718+00	2026-03-25 17:56:27.33641+00
70	27	8015.04	INR	CANCELLED	REFUNDED	2026-03-23 13:02:15.645772+00	2026-03-25 17:56:27.33641+00
71	38	19654.98	INR	CONFIRMED	FAILED	2026-03-03 03:32:38.951946+00	2026-03-25 17:56:27.33641+00
72	47	3740.17	INR	PENDING	UNPAID	2026-03-14 23:44:04.323109+00	2026-03-25 17:56:27.33641+00
73	49	3240.29	INR	CONFIRMED	PAID	2026-03-23 21:19:53.209592+00	2026-03-25 17:56:27.33641+00
74	21	13899.21	INR	SHIPPED	PAID	2026-03-24 23:08:01.722101+00	2026-03-25 17:56:27.33641+00
75	29	14994.99	INR	PENDING	FAILED	2026-03-11 13:47:40.029943+00	2026-03-25 17:56:27.33641+00
76	4	10017.15	INR	SHIPPED	PAID	2026-03-24 20:14:47.18388+00	2026-03-25 17:56:27.33641+00
77	8	16787.75	INR	DELIVERED	REFUNDED	2026-03-03 16:11:08.899644+00	2026-03-25 17:56:27.33641+00
78	46	3450.35	INR	CANCELLED	PAID	2026-02-25 07:52:53.039338+00	2026-03-25 17:56:27.33641+00
79	14	10536.59	INR	DELIVERED	PAID	2026-03-08 05:14:59.790397+00	2026-03-25 17:56:27.33641+00
80	20	14737.27	INR	CANCELLED	UNPAID	2026-02-26 06:02:47.691034+00	2026-03-25 17:56:27.33641+00
81	49	9451.55	INR	CANCELLED	PAID	2026-03-14 10:25:57.193096+00	2026-03-25 17:56:27.33641+00
82	32	12065.67	INR	PENDING	PAID	2026-03-19 11:41:14.487182+00	2026-03-25 17:56:27.33641+00
83	15	12079.14	INR	CANCELLED	PAID	2026-03-06 06:24:25.135211+00	2026-03-25 17:56:27.33641+00
84	3	18784.32	INR	PENDING	FAILED	2026-03-20 22:12:35.188071+00	2026-03-25 17:56:27.33641+00
85	42	18054.10	INR	SHIPPED	PAID	2026-03-21 13:36:47.051801+00	2026-03-25 17:56:27.33641+00
86	38	10303.57	INR	CANCELLED	REFUNDED	2026-03-21 20:16:52.482715+00	2026-03-25 17:56:27.33641+00
87	32	14164.05	INR	SHIPPED	REFUNDED	2026-03-11 17:52:09.615129+00	2026-03-25 17:56:27.33641+00
88	10	5896.00	INR	DELIVERED	REFUNDED	2026-02-25 13:32:20.842045+00	2026-03-25 17:56:27.33641+00
89	43	10103.21	INR	CONFIRMED	UNPAID	2026-03-01 20:44:15.379641+00	2026-03-25 17:56:27.33641+00
90	24	18051.83	INR	CANCELLED	REFUNDED	2026-03-10 09:13:14.622927+00	2026-03-25 17:56:27.33641+00
91	31	20386.54	INR	DELIVERED	PAID	2026-03-12 03:25:11.740192+00	2026-03-25 17:56:27.33641+00
92	35	17972.22	INR	CONFIRMED	UNPAID	2026-03-04 10:59:28.836104+00	2026-03-25 17:56:27.33641+00
93	41	6770.07	INR	CANCELLED	PAID	2026-03-08 02:33:04.174757+00	2026-03-25 17:56:27.33641+00
94	31	18666.49	INR	DELIVERED	REFUNDED	2026-03-04 21:58:37.722201+00	2026-03-25 17:56:27.33641+00
95	25	1732.32	INR	CONFIRMED	FAILED	2026-03-14 01:14:18.718925+00	2026-03-25 17:56:27.33641+00
96	19	3559.23	INR	CONFIRMED	REFUNDED	2026-03-17 11:44:59.690563+00	2026-03-25 17:56:27.33641+00
97	24	5545.93	INR	CONFIRMED	REFUNDED	2026-02-24 16:24:47.592374+00	2026-03-25 17:56:27.33641+00
98	24	15308.25	INR	CANCELLED	UNPAID	2026-02-25 14:16:49.871553+00	2026-03-25 17:56:27.33641+00
99	19	6806.67	INR	DELIVERED	PAID	2026-03-08 05:39:35.673577+00	2026-03-25 17:56:27.33641+00
100	7	19010.41	INR	CONFIRMED	REFUNDED	2026-03-19 08:18:38.763868+00	2026-03-25 17:56:27.33641+00
101	111	250.00	INR	PENDING	PAID	2026-03-26 18:03:00.363688+00	2026-03-26 18:03:00.363688+00
102	111	250.00	INR	PENDING	PAID	2026-03-26 18:20:07.143162+00	2026-03-26 18:20:07.143162+00
105	111	250.00	INR	PENDING	PAID	2026-03-26 18:22:04.134444+00	2026-03-26 18:22:04.134444+00
106	111	250.00	INR	PENDING	PAID	2026-03-26 18:22:28.566076+00	2026-03-26 18:22:28.566076+00
\.


--
-- Data for Name: products; Type: TABLE DATA; Schema: public; Owner: saravanan
--

COPY public.products (id, name, sku, description, price, currency, category_id, is_active, created_at, updated_at) FROM stdin;
1	Product 1	SKU-0001	Description for product 1	2619.67	INR	\N	t	2026-03-25 17:56:48.932553+00	2026-03-25 17:56:48.932553+00
2	Product 2	SKU-0002	Description for product 2	5098.26	INR	\N	t	2026-03-25 17:56:48.932553+00	2026-03-25 17:56:48.932553+00
3	Product 3	SKU-0003	Description for product 3	9148.49	INR	\N	t	2026-03-25 17:56:48.932553+00	2026-03-25 17:56:48.932553+00
4	Product 4	SKU-0004	Description for product 4	7183.16	INR	\N	t	2026-03-25 17:56:48.932553+00	2026-03-25 17:56:48.932553+00
5	Product 5	SKU-0005	Description for product 5	10028.92	INR	\N	t	2026-03-25 17:56:48.932553+00	2026-03-25 17:56:48.932553+00
6	Product 6	SKU-0006	Description for product 6	8479.64	INR	\N	t	2026-03-25 17:56:48.932553+00	2026-03-25 17:56:48.932553+00
7	Product 7	SKU-0007	Description for product 7	9603.82	INR	\N	t	2026-03-25 17:56:48.932553+00	2026-03-25 17:56:48.932553+00
8	Product 8	SKU-0008	Description for product 8	8759.18	INR	\N	t	2026-03-25 17:56:48.932553+00	2026-03-25 17:56:48.932553+00
9	Product 9	SKU-0009	Description for product 9	6187.05	INR	\N	t	2026-03-25 17:56:48.932553+00	2026-03-25 17:56:48.932553+00
10	Product 10	SKU-0010	Description for product 10	3863.38	INR	\N	t	2026-03-25 17:56:48.932553+00	2026-03-25 17:56:48.932553+00
11	Product 11	SKU-0011	Description for product 11	6065.27	INR	\N	t	2026-03-25 17:56:48.932553+00	2026-03-25 17:56:48.932553+00
12	Product 12	SKU-0012	Description for product 12	1711.08	INR	\N	t	2026-03-25 17:56:48.932553+00	2026-03-25 17:56:48.932553+00
13	Product 13	SKU-0013	Description for product 13	838.90	INR	\N	t	2026-03-25 17:56:48.932553+00	2026-03-25 17:56:48.932553+00
14	Product 14	SKU-0014	Description for product 14	3186.64	INR	\N	t	2026-03-25 17:56:48.932553+00	2026-03-25 17:56:48.932553+00
15	Product 15	SKU-0015	Description for product 15	5088.20	INR	\N	t	2026-03-25 17:56:48.932553+00	2026-03-25 17:56:48.932553+00
16	Product 16	SKU-0016	Description for product 16	547.08	INR	\N	t	2026-03-25 17:56:48.932553+00	2026-03-25 17:56:48.932553+00
17	Product 17	SKU-0017	Description for product 17	5142.28	INR	\N	t	2026-03-25 17:56:48.932553+00	2026-03-25 17:56:48.932553+00
18	Product 18	SKU-0018	Description for product 18	6910.43	INR	\N	t	2026-03-25 17:56:48.932553+00	2026-03-25 17:56:48.932553+00
19	Product 19	SKU-0019	Description for product 19	8389.47	INR	\N	t	2026-03-25 17:56:48.932553+00	2026-03-25 17:56:48.932553+00
20	Product 20	SKU-0020	Description for product 20	1842.18	INR	\N	t	2026-03-25 17:56:48.932553+00	2026-03-25 17:56:48.932553+00
21	Product 21	SKU-0021	Description for product 21	819.48	INR	\N	t	2026-03-25 17:56:48.932553+00	2026-03-25 17:56:48.932553+00
22	Product 22	SKU-0022	Description for product 22	7577.61	INR	\N	t	2026-03-25 17:56:48.932553+00	2026-03-25 17:56:48.932553+00
23	Product 23	SKU-0023	Description for product 23	2931.86	INR	\N	t	2026-03-25 17:56:48.932553+00	2026-03-25 17:56:48.932553+00
24	Product 24	SKU-0024	Description for product 24	5685.00	INR	\N	t	2026-03-25 17:56:48.932553+00	2026-03-25 17:56:48.932553+00
25	Product 25	SKU-0025	Description for product 25	6477.14	INR	\N	t	2026-03-25 17:56:48.932553+00	2026-03-25 17:56:48.932553+00
26	Product 26	SKU-0026	Description for product 26	9247.69	INR	\N	t	2026-03-25 17:56:48.932553+00	2026-03-25 17:56:48.932553+00
27	Product 27	SKU-0027	Description for product 27	5122.92	INR	\N	t	2026-03-25 17:56:48.932553+00	2026-03-25 17:56:48.932553+00
28	Product 28	SKU-0028	Description for product 28	5960.03	INR	\N	t	2026-03-25 17:56:48.932553+00	2026-03-25 17:56:48.932553+00
29	Product 29	SKU-0029	Description for product 29	9159.33	INR	\N	t	2026-03-25 17:56:48.932553+00	2026-03-25 17:56:48.932553+00
30	Product 30	SKU-0030	Description for product 30	4967.24	INR	\N	t	2026-03-25 17:56:48.932553+00	2026-03-25 17:56:48.932553+00
31	Product 31	SKU-0031	Description for product 31	4342.08	INR	\N	t	2026-03-25 17:56:48.932553+00	2026-03-25 17:56:48.932553+00
32	Product 32	SKU-0032	Description for product 32	328.93	INR	\N	t	2026-03-25 17:56:48.932553+00	2026-03-25 17:56:48.932553+00
33	Product 33	SKU-0033	Description for product 33	608.49	INR	\N	t	2026-03-25 17:56:48.932553+00	2026-03-25 17:56:48.932553+00
34	Product 34	SKU-0034	Description for product 34	2497.18	INR	\N	t	2026-03-25 17:56:48.932553+00	2026-03-25 17:56:48.932553+00
35	Product 35	SKU-0035	Description for product 35	3201.54	INR	\N	t	2026-03-25 17:56:48.932553+00	2026-03-25 17:56:48.932553+00
36	Product 36	SKU-0036	Description for product 36	9470.06	INR	\N	t	2026-03-25 17:56:48.932553+00	2026-03-25 17:56:48.932553+00
37	Product 37	SKU-0037	Description for product 37	375.59	INR	\N	t	2026-03-25 17:56:48.932553+00	2026-03-25 17:56:48.932553+00
38	Product 38	SKU-0038	Description for product 38	4765.15	INR	\N	t	2026-03-25 17:56:48.932553+00	2026-03-25 17:56:48.932553+00
39	Product 39	SKU-0039	Description for product 39	8934.48	INR	\N	t	2026-03-25 17:56:48.932553+00	2026-03-25 17:56:48.932553+00
40	Product 40	SKU-0040	Description for product 40	7616.06	INR	\N	t	2026-03-25 17:56:48.932553+00	2026-03-25 17:56:48.932553+00
41	Product 41	SKU-0041	Description for product 41	3162.01	INR	\N	t	2026-03-25 17:56:48.932553+00	2026-03-25 17:56:48.932553+00
42	Product 42	SKU-0042	Description for product 42	9252.95	INR	\N	t	2026-03-25 17:56:48.932553+00	2026-03-25 17:56:48.932553+00
43	Product 43	SKU-0043	Description for product 43	7084.05	INR	\N	t	2026-03-25 17:56:48.932553+00	2026-03-25 17:56:48.932553+00
44	Product 44	SKU-0044	Description for product 44	6474.18	INR	\N	t	2026-03-25 17:56:48.932553+00	2026-03-25 17:56:48.932553+00
45	Product 45	SKU-0045	Description for product 45	9092.72	INR	\N	t	2026-03-25 17:56:48.932553+00	2026-03-25 17:56:48.932553+00
46	Product 46	SKU-0046	Description for product 46	4836.34	INR	\N	t	2026-03-25 17:56:48.932553+00	2026-03-25 17:56:48.932553+00
47	Product 47	SKU-0047	Description for product 47	9711.05	INR	\N	t	2026-03-25 17:56:48.932553+00	2026-03-25 17:56:48.932553+00
48	Product 48	SKU-0048	Description for product 48	6792.13	INR	\N	t	2026-03-25 17:56:48.932553+00	2026-03-25 17:56:48.932553+00
49	Product 49	SKU-0049	Description for product 49	1669.30	INR	\N	t	2026-03-25 17:56:48.932553+00	2026-03-25 17:56:48.932553+00
50	Product 50	SKU-0050	Description for product 50	2078.77	INR	\N	t	2026-03-25 17:56:48.932553+00	2026-03-25 17:56:48.932553+00
51	Product 51	SKU-0051	Description for product 51	6496.11	INR	\N	t	2026-03-25 17:56:48.932553+00	2026-03-25 17:56:48.932553+00
52	Product 52	SKU-0052	Description for product 52	2501.14	INR	\N	t	2026-03-25 17:56:48.932553+00	2026-03-25 17:56:48.932553+00
53	Product 53	SKU-0053	Description for product 53	2823.40	INR	\N	t	2026-03-25 17:56:48.932553+00	2026-03-25 17:56:48.932553+00
54	Product 54	SKU-0054	Description for product 54	2961.85	INR	\N	t	2026-03-25 17:56:48.932553+00	2026-03-25 17:56:48.932553+00
55	Product 55	SKU-0055	Description for product 55	4430.60	INR	\N	t	2026-03-25 17:56:48.932553+00	2026-03-25 17:56:48.932553+00
56	Product 56	SKU-0056	Description for product 56	1478.37	INR	\N	t	2026-03-25 17:56:48.932553+00	2026-03-25 17:56:48.932553+00
57	Product 57	SKU-0057	Description for product 57	376.03	INR	\N	t	2026-03-25 17:56:48.932553+00	2026-03-25 17:56:48.932553+00
58	Product 58	SKU-0058	Description for product 58	6526.05	INR	\N	t	2026-03-25 17:56:48.932553+00	2026-03-25 17:56:48.932553+00
59	Product 59	SKU-0059	Description for product 59	2702.99	INR	\N	t	2026-03-25 17:56:48.932553+00	2026-03-25 17:56:48.932553+00
60	Product 60	SKU-0060	Description for product 60	7448.92	INR	\N	t	2026-03-25 17:56:48.932553+00	2026-03-25 17:56:48.932553+00
61	Product 61	SKU-0061	Description for product 61	7657.68	INR	\N	t	2026-03-25 17:56:48.932553+00	2026-03-25 17:56:48.932553+00
62	Product 62	SKU-0062	Description for product 62	7942.61	INR	\N	t	2026-03-25 17:56:48.932553+00	2026-03-25 17:56:48.932553+00
63	Product 63	SKU-0063	Description for product 63	3171.40	INR	\N	t	2026-03-25 17:56:48.932553+00	2026-03-25 17:56:48.932553+00
64	Product 64	SKU-0064	Description for product 64	5221.79	INR	\N	t	2026-03-25 17:56:48.932553+00	2026-03-25 17:56:48.932553+00
65	Product 65	SKU-0065	Description for product 65	7464.35	INR	\N	t	2026-03-25 17:56:48.932553+00	2026-03-25 17:56:48.932553+00
66	Product 66	SKU-0066	Description for product 66	1334.15	INR	\N	t	2026-03-25 17:56:48.932553+00	2026-03-25 17:56:48.932553+00
67	Product 67	SKU-0067	Description for product 67	8942.85	INR	\N	t	2026-03-25 17:56:48.932553+00	2026-03-25 17:56:48.932553+00
68	Product 68	SKU-0068	Description for product 68	5815.01	INR	\N	t	2026-03-25 17:56:48.932553+00	2026-03-25 17:56:48.932553+00
69	Product 69	SKU-0069	Description for product 69	1506.64	INR	\N	t	2026-03-25 17:56:48.932553+00	2026-03-25 17:56:48.932553+00
70	Product 70	SKU-0070	Description for product 70	5611.18	INR	\N	t	2026-03-25 17:56:48.932553+00	2026-03-25 17:56:48.932553+00
71	Product 71	SKU-0071	Description for product 71	10048.35	INR	\N	t	2026-03-25 17:56:48.932553+00	2026-03-25 17:56:48.932553+00
72	Product 72	SKU-0072	Description for product 72	5872.31	INR	\N	t	2026-03-25 17:56:48.932553+00	2026-03-25 17:56:48.932553+00
73	Product 73	SKU-0073	Description for product 73	4724.90	INR	\N	t	2026-03-25 17:56:48.932553+00	2026-03-25 17:56:48.932553+00
74	Product 74	SKU-0074	Description for product 74	919.55	INR	\N	t	2026-03-25 17:56:48.932553+00	2026-03-25 17:56:48.932553+00
75	Product 75	SKU-0075	Description for product 75	6388.84	INR	\N	t	2026-03-25 17:56:48.932553+00	2026-03-25 17:56:48.932553+00
76	Product 76	SKU-0076	Description for product 76	9899.60	INR	\N	t	2026-03-25 17:56:48.932553+00	2026-03-25 17:56:48.932553+00
77	Product 77	SKU-0077	Description for product 77	4700.06	INR	\N	t	2026-03-25 17:56:48.932553+00	2026-03-25 17:56:48.932553+00
78	Product 78	SKU-0078	Description for product 78	8922.43	INR	\N	t	2026-03-25 17:56:48.932553+00	2026-03-25 17:56:48.932553+00
79	Product 79	SKU-0079	Description for product 79	1658.17	INR	\N	t	2026-03-25 17:56:48.932553+00	2026-03-25 17:56:48.932553+00
80	Product 80	SKU-0080	Description for product 80	8021.78	INR	\N	t	2026-03-25 17:56:48.932553+00	2026-03-25 17:56:48.932553+00
81	Product 81	SKU-0081	Description for product 81	8465.59	INR	\N	t	2026-03-25 17:56:48.932553+00	2026-03-25 17:56:48.932553+00
82	Product 82	SKU-0082	Description for product 82	7583.72	INR	\N	t	2026-03-25 17:56:48.932553+00	2026-03-25 17:56:48.932553+00
83	Product 83	SKU-0083	Description for product 83	3093.87	INR	\N	t	2026-03-25 17:56:48.932553+00	2026-03-25 17:56:48.932553+00
84	Product 84	SKU-0084	Description for product 84	1499.66	INR	\N	t	2026-03-25 17:56:48.932553+00	2026-03-25 17:56:48.932553+00
85	Product 85	SKU-0085	Description for product 85	5942.36	INR	\N	t	2026-03-25 17:56:48.932553+00	2026-03-25 17:56:48.932553+00
86	Product 86	SKU-0086	Description for product 86	311.26	INR	\N	t	2026-03-25 17:56:48.932553+00	2026-03-25 17:56:48.932553+00
87	Product 87	SKU-0087	Description for product 87	8400.16	INR	\N	t	2026-03-25 17:56:48.932553+00	2026-03-25 17:56:48.932553+00
88	Product 88	SKU-0088	Description for product 88	184.01	INR	\N	t	2026-03-25 17:56:48.932553+00	2026-03-25 17:56:48.932553+00
89	Product 89	SKU-0089	Description for product 89	9302.03	INR	\N	t	2026-03-25 17:56:48.932553+00	2026-03-25 17:56:48.932553+00
90	Product 90	SKU-0090	Description for product 90	9302.50	INR	\N	t	2026-03-25 17:56:48.932553+00	2026-03-25 17:56:48.932553+00
91	Product 91	SKU-0091	Description for product 91	2765.89	INR	\N	t	2026-03-25 17:56:48.932553+00	2026-03-25 17:56:48.932553+00
92	Product 92	SKU-0092	Description for product 92	6485.89	INR	\N	t	2026-03-25 17:56:48.932553+00	2026-03-25 17:56:48.932553+00
93	Product 93	SKU-0093	Description for product 93	9581.51	INR	\N	t	2026-03-25 17:56:48.932553+00	2026-03-25 17:56:48.932553+00
94	Product 94	SKU-0094	Description for product 94	4137.70	INR	\N	t	2026-03-25 17:56:48.932553+00	2026-03-25 17:56:48.932553+00
95	Product 95	SKU-0095	Description for product 95	5332.40	INR	\N	t	2026-03-25 17:56:48.932553+00	2026-03-25 17:56:48.932553+00
96	Product 96	SKU-0096	Description for product 96	5445.10	INR	\N	t	2026-03-25 17:56:48.932553+00	2026-03-25 17:56:48.932553+00
97	Product 97	SKU-0097	Description for product 97	7721.13	INR	\N	t	2026-03-25 17:56:48.932553+00	2026-03-25 17:56:48.932553+00
98	Product 98	SKU-0098	Description for product 98	4053.13	INR	\N	t	2026-03-25 17:56:48.932553+00	2026-03-25 17:56:48.932553+00
99	Product 99	SKU-0099	Description for product 99	3409.90	INR	\N	t	2026-03-25 17:56:48.932553+00	2026-03-25 17:56:48.932553+00
100	Product 100	SKU-0100	Description for product 100	7371.80	INR	\N	t	2026-03-25 17:56:48.932553+00	2026-03-25 17:56:48.932553+00
\.


--
-- Name: order_items_id_seq; Type: SEQUENCE SET; Schema: public; Owner: saravanan
--

SELECT pg_catalog.setval('public.order_items_id_seq', 1004, true);


--
-- Name: orders_id_seq; Type: SEQUENCE SET; Schema: public; Owner: saravanan
--

SELECT pg_catalog.setval('public.orders_id_seq', 106, true);


--
-- Name: products_id_seq; Type: SEQUENCE SET; Schema: public; Owner: saravanan
--

SELECT pg_catalog.setval('public.products_id_seq', 100, true);


--
-- Name: order_items order_items_pkey; Type: CONSTRAINT; Schema: public; Owner: saravanan
--

ALTER TABLE ONLY public.order_items
    ADD CONSTRAINT order_items_pkey PRIMARY KEY (id);


--
-- Name: orders orders_pkey; Type: CONSTRAINT; Schema: public; Owner: saravanan
--

ALTER TABLE ONLY public.orders
    ADD CONSTRAINT orders_pkey PRIMARY KEY (id);


--
-- Name: products products_pkey; Type: CONSTRAINT; Schema: public; Owner: saravanan
--

ALTER TABLE ONLY public.products
    ADD CONSTRAINT products_pkey PRIMARY KEY (id);


--
-- Name: products products_sku_key; Type: CONSTRAINT; Schema: public; Owner: saravanan
--

ALTER TABLE ONLY public.products
    ADD CONSTRAINT products_sku_key UNIQUE (sku);


--
-- Name: order_items order_items_order_id_fkey; Type: FK CONSTRAINT; Schema: public; Owner: saravanan
--

ALTER TABLE ONLY public.order_items
    ADD CONSTRAINT order_items_order_id_fkey FOREIGN KEY (order_id) REFERENCES public.orders(id) ON DELETE CASCADE;


--
-- Name: order_items order_items_product_id_fkey; Type: FK CONSTRAINT; Schema: public; Owner: saravanan
--

ALTER TABLE ONLY public.order_items
    ADD CONSTRAINT order_items_product_id_fkey FOREIGN KEY (product_id) REFERENCES public.products(id);


--
-- PostgreSQL database dump complete
--

\unrestrict TijguJrcPq8diYDTcvNVl5pThW99EEVOPEiFvE9A08PXQJeMrsuPKj1ofIujLhj

